{
    "name": "root",
    "gauges": {
        "Arm.Policy.Entropy.mean": {
            "value": 5.821336269378662,
            "min": 5.793757915496826,
            "max": 6.192784786224365,
            "count": 8
        },
        "Arm.Policy.Entropy.sum": {
            "value": 139.71206665039062,
            "min": 139.05018615722656,
            "max": 152.5884246826172,
            "count": 8
        },
        "Arm.Environment.EpisodeLength.mean": {
            "value": 23.0,
            "min": 11.5,
            "max": 23.0,
            "count": 8
        },
        "Arm.Environment.EpisodeLength.sum": {
            "value": 23.0,
            "min": 23.0,
            "max": 23.0,
            "count": 8
        },
        "Arm.IsTraining.mean": {
            "value": 1.0,
            "min": 1.0,
            "max": 1.0,
            "count": 8
        },
        "Arm.IsTraining.sum": {
            "value": 1.0,
            "min": 1.0,
            "max": 1.0,
            "count": 8
        },
        "Arm.Step.mean": {
            "value": 24955.0,
            "min": 24811.0,
            "max": 24955.0,
            "count": 7
        },
        "Arm.Step.sum": {
            "value": 24955.0,
            "min": 24811.0,
            "max": 24955.0,
            "count": 7
        },
        "Arm.Policy.ExtrinsicValueEstimate.mean": {
            "value": -37.82489013671875,
            "min": -37.82489013671875,
            "max": -0.8273115158081055,
            "count": 7
        },
        "Arm.Policy.ExtrinsicValueEstimate.sum": {
            "value": -37.82489013671875,
            "min": -37.82489013671875,
            "max": -0.8273115158081055,
            "count": 7
        },
        "Arm.Environment.CumulativeReward.mean": {
            "value": -56.93703842163086,
            "min": -57.83460998535156,
            "max": -32.080639123916626,
            "count": 7
        },
        "Arm.Environment.CumulativeReward.sum": {
            "value": -56.93703842163086,
            "min": -64.16127824783325,
            "max": -56.48051834106445,
            "count": 7
        },
        "Arm.Policy.ExtrinsicReward.mean": {
            "value": -56.93703842163086,
            "min": -57.83460998535156,
            "max": -32.080639123916626,
            "count": 7
        },
        "Arm.Policy.ExtrinsicReward.sum": {
            "value": -56.93703842163086,
            "min": -64.16127824783325,
            "max": -56.48051834106445,
            "count": 7
        },
        "Arm.Losses.PolicyLoss.mean": {
            "value": 0.2709162962726421,
            "min": 0.2709162962726421,
            "max": 0.2709162962726421,
            "count": 1
        },
        "Arm.Losses.PolicyLoss.sum": {
            "value": 0.2709162962726421,
            "min": 0.2709162962726421,
            "max": 0.2709162962726421,
            "count": 1
        },
        "Arm.Losses.ValueLoss.mean": {
            "value": 223.1926063431634,
            "min": 223.1926063431634,
            "max": 223.1926063431634,
            "count": 1
        },
        "Arm.Losses.ValueLoss.sum": {
            "value": 223.1926063431634,
            "min": 223.1926063431634,
            "max": 223.1926063431634,
            "count": 1
        },
        "Arm.Policy.LearningRate.mean": {
            "value": 0.00028505580498140005,
            "min": 0.00028505580498140005,
            "max": 0.00028505580498140005,
            "count": 1
        },
        "Arm.Policy.LearningRate.sum": {
            "value": 0.00028505580498140005,
            "min": 0.00028505580498140005,
            "max": 0.00028505580498140005,
            "count": 1
        },
        "Arm.Policy.Epsilon.mean": {
            "value": 0.19501860000000001,
            "min": 0.19501860000000001,
            "max": 0.19501860000000001,
            "count": 1
        },
        "Arm.Policy.Epsilon.sum": {
            "value": 0.19501860000000001,
            "min": 0.19501860000000001,
            "max": 0.19501860000000001,
            "count": 1
        },
        "Arm.Policy.Beta.mean": {
            "value": 0.0005,
            "min": 0.0005,
            "max": 0.0005,
            "count": 1
        },
        "Arm.Policy.Beta.sum": {
            "value": 0.0005,
            "min": 0.0005,
            "max": 0.0005,
            "count": 1
        }
    },
    "metadata": {
        "timer_format_version": "0.1.0",
        "start_time_seconds": "1686059484",
        "python_version": "3.10.9 (main, Jan 11 2023, 15:21:40) [GCC 11.2.0]",
        "command_line_arguments": "/home/khiem/miniconda3/bin/mlagents-learn config/arm.yaml --run-id=arm0 --time-scale=0.5 --resume",
        "mlagents_version": "0.30.0",
        "mlagents_envs_version": "0.30.0",
        "communication_protocol_version": "1.5.0",
        "pytorch_version": "1.11.0+cu102",
        "numpy_version": "1.23.5",
        "end_time_seconds": "1686059518"
    },
    "total": 34.427401991999886,
    "count": 1,
    "self": 0.011500372000000425,
    "children": {
        "run_training.setup": {
            "total": 0.04300332200000412,
            "count": 1,
            "self": 0.04300332200000412
        },
        "TrainerController.start_learning": {
            "total": 34.37289829799988,
            "count": 1,
            "self": 0.006998345999136291,
            "children": {
                "TrainerController._reset_env": {
                    "total": 10.92876337100006,
                    "count": 1,
                    "self": 10.92876337100006
                },
                "TrainerController.advance": {
                    "total": 22.944457063000755,
                    "count": 202,
                    "self": 0.005823848001682563,
                    "children": {
                        "env_step": {
                            "total": 21.533768704999602,
                            "count": 202,
                            "self": 19.77756056400017,
                            "children": {
                                "SubprocessEnvManager._take_step": {
                                    "total": 1.7527060099992013,
                                    "count": 202,
                                    "self": 0.01571275600053923,
                                    "children": {
                                        "TorchPolicy.evaluate": {
                                            "total": 1.7369932539986621,
                                            "count": 194,
                                            "self": 1.7369932539986621
                                        }
                                    }
                                },
                                "workers": {
                                    "total": 0.0035021310002321115,
                                    "count": 201,
                                    "self": 0.0,
                                    "children": {
                                        "worker_root": {
                                            "total": 29.973731515997315,
                                            "count": 201,
                                            "is_parallel": true,
                                            "self": 15.287468366997246,
                                            "children": {
                                                "run_training.setup": {
                                                    "total": 0.0,
                                                    "count": 0,
                                                    "is_parallel": true,
                                                    "self": 0.0,
                                                    "children": {
                                                        "steps_from_proto": {
                                                            "total": 0.0030630210001163505,