{
    "name": "root",
    "gauges": {
        "Arm.Policy.Entropy.mean": {
            "value": 6.585475921630859,
            "min": 6.585475921630859,
            "max": 6.591670989990234,
            "count": 27
        },
        "Arm.Policy.Entropy.sum": {
            "value": 158.05142211914062,
            "min": 26.366682052612305,
            "max": 158.20010375976562,
            "count": 27
        },
        "Arm.Environment.EpisodeLength.mean": {
            "value": 5.0,
            "min": 1.5,
            "max": 5.0,
            "count": 27
        },
        "Arm.Environment.EpisodeLength.sum": {
            "value": 20.0,
            "min": 6.0,
            "max": 20.0,
            "count": 27
        },
        "Arm.Step.mean": {
            "value": 616.0,
            "min": 6.0,
            "max": 616.0,
            "count": 62
        },
        "Arm.Step.sum": {
            "value": 616.0,
            "min": 6.0,
            "max": 616.0,
            "count": 62
        },
        "Arm.Policy.ExtrinsicValueEstimate.mean": {
            "value": -1.2645673751831055,
            "min": -1.3512126207351685,
            "max": 0.00555100291967392,
            "count": 62
        },
        "Arm.Policy.ExtrinsicValueEstimate.sum": {
            "value": -2.529134750366211,
            "min": -2.702425241470337,
            "max": 0.00555100291967392,
            "count": 62
        },
        "Arm.Environment.CumulativeReward.mean": {
            "value": -1.0031798481941223,
            "min": -1.4791781902313232,
            "max": -0.8779523770014445,
            "count": 62
        },
        "Arm.Environment.CumulativeReward.sum": {
            "value": -2.0063596963882446,
            "min": -2.7290579676628113,
            "max": -1.0031795501708984,
            "count": 62
        },
        "Arm.Policy.ExtrinsicReward.mean": {
            "value": -1.0031798481941223,
            "min": -1.4791781902313232,
            "max": -0.8779523770014445,
            "count": 62
        },
        "Arm.Policy.ExtrinsicReward.sum": {
            "value": -2.0063596963882446,
            "min": -2.7290579676628113,
            "max": -1.0031795501708984,
            "count": 62
        },
        "Arm.IsTraining.mean": {
            "value": 1.0,
            "min": 1.0,
            "max": 1.0,
            "count": 62
        },
        "Arm.IsTraining.sum": {
            "value": 1.0,
            "min": 1.0,
            "max": 1.0,
            "count": 62
        },
        "Arm.Losses.PolicyLoss.mean": {
            "value": 0.24742256187730366,
            "min": 0.1927812347550773,
            "max": 0.24742256187730366,
            "count": 5
        },
        "Arm.Losses.PolicyLoss.sum": {
            "value": 0.24742256187730366,
            "min": 0.1927812347550773,
            "max": 0.24742256187730366,
            "count": 5
        },
        "Arm.Losses.ValueLoss.mean": {
            "value": 0.008633660915721621,
            "min": 0.008633660915721621,
            "max": 0.373953591618273,
            "count": 5
        },
        "Arm.Losses.ValueLoss.sum": {
            "value": 0.008633660915721621,
            "min": 0.008633660915721621,
            "max": 0.373953591618273,
            "count": 5
        },
        "Arm.Policy.LearningRate.mean": {
            "value": 0.0002996376001208,
            "min": 0.0002996376001208,
            "max": 0.00029992560002479996,
            "count": 5
        },
        "Arm.Policy.LearningRate.sum": {
            "value": 0.0002996376001208,
            "min": 0.0002996376001208,
            "max": 0.00029992560002479996,
            "count": 5
        },
        "Arm.Policy.Epsilon.mean": {
            "value": 0.19987919999999998,
            "min": 0.19987919999999998,
            "max": 0.19997520000000002,
            "count": 5
        },
        "Arm.Policy.Epsilon.sum": {
            "value": 0.19987919999999998,
            "min": 0.19987919999999998,
            "max": 0.19997520000000002,
            "count": 5
        },
        "Arm.Policy.Beta.mean": {
            "value": 0.0005,
            "min": 0.0005,
            "max": 0.0005,
            "count": 5
        },
        "Arm.Policy.Beta.sum": {
            "value": 0.0005,
            "min": 0.0005,
            "max": 0.0005,
            "count": 5
        }
    },
    "metadata": {
        "timer_format_version": "0.1.0",
        "start_time_seconds": "1685447355",
        "python_version": "3.10.9 (main, Jan 11 2023, 15:21:40) [GCC 11.2.0]",
        "command_line_arguments": "/home/khiem/miniconda3/bin/mlagents-learn config/arm.yaml --run-id=arm0 --force --time-scale=0.5",
        "mlagents_version": "0.30.0",
        "mlagents_envs_version": "0.30.0",
        "communication_protocol_version": "1.5.0",
        "pytorch_version": "1.11.0+cu102",
        "numpy_version": "1.23.5",
        "end_time_seconds": "1685447499"
    },
    "total": 143.72004544199444,
    "count": 1,
    "self": 0.009448592958506197,
    "children": {
        "run_training.setup": {
            "total": 0.04440467501990497,
            "count": 1,
            "self": 0.04440467501990497
        },
        "TrainerController.start_learning": {
            "total": 143.66619217401603,
            "count": 1,
            "self": 0.007799015147611499,
            "children": {
                "TrainerController._reset_env": {
                    "total": 26.68626491399482,
                    "count": 1,
                    "self": 26.68626491399482
                },
                "TrainerController.advance": {
                    "total": 116.46267287479714,
                    "count": 186,
                    "self": 0.007074766966979951,
                    "children": {
                        "env_step": {
                            "total": 108.88533322897274,
                            "count": 186,
                            "self": 107.26829542691121,
                            "children": {
                                "SubprocessEnvManager._take_step": {
                                    "total": 1.6129583192523569,
                                    "count": 186,
                                    "self": 0.015996889676898718,
                                    "children": {
                                        "TorchPolicy.evaluate": {
                                            "total": 1.5969614295754582,
                                            "count": 160,
                                            "self": 1.5969614295754582
                                        }
                                    }
                                },
                                "workers": {
                                    "total": 0.004079482809174806,
                                    "count": 185,
                                    "self": 0.0,
                                    "children": {
                                        "worker_root": {
                                            "total": 142.9838810345973,
                                            "count": 185,
                                            "is_parallel": true,
                                            "self": 37.7531904153293,
                                            "children": {
                                                "run_training.setup": {
                                                    "total": 0.0,
                                                    "count": 0,
                                                    "is_parallel": true,
                                                    "self": 0.0,
                                                    "children": {
                                                        "steps_from_proto": {
                                                            "total": 0.00232340901857242,