{
    "name": "root",
    "metadata": {
        "timer_format_version": "0.1.0",
        "start_time_seconds": "1684737196",
        "python_version": "3.10.9 (main, Jan 11 2023, 15:21:40) [GCC 11.2.0]",
        "command_line_arguments": "/home/khiem/miniconda3/bin/mlagents-learn --force",
        "mlagents_version": "0.30.0",
        "mlagents_envs_version": "0.30.0",
        "communication_protocol_version": "1.5.0",
        "pytorch_version": "1.11.0+cu102",
        "numpy_version": "1.23.5",
        "end_time_seconds": "1684737492"
    },
    "total": 295.49380863600027,
    "count": 1,
    "self": 0.01358015499999965,
    "children": {
        "run_training.setup": {
            "total": 0.04427685000018755,
            "count": 1,
            "self": 0.04427685000018755
        },
        "TrainerController.start_learning": {
            "total": 295.4359516310001,
            "count": 1,
            "self": 0.20642145301508208,
            "children": {
                "TrainerController._reset_env": {
                    "total": 28.950642192000032,
                    "count": 1,
                    "self": 28.950642192000032
                },
                "TrainerController.advance": {
                    "total": 265.8359691149849,
                    "count": 6136,
                    "self": 0.19010060794062156,
                    "children": {
                        "env_step": {
                            "total": 264.46757387803655,
                            "count": 6136,
                            "self": 204.69929456508498,
                            "children": {
                                "SubprocessEnvManager._take_step": {
                                    "total": 59.65068497595803,
                                    "count": 6136,
                                    "self": 0.6133680219550115,
                                    "children": {
                                        "TorchPolicy.evaluate": {
                                            "total": 59.03731695400302,
                                            "count": 6107,
                                            "self": 59.03731695400302
                                        }
                                    }
                                },
                                "workers": {
                                    "total": 0.11759433699353394,
                                    "count": 6135,
                                    "self": 0.0,
                                    "children": {
                                        "worker_root": {
                                            "total": 292.3675061659824,
                                            "count": 6135,
                                            "is_parallel": true,
                                            "self": 99.70023577496931,
                                            "children": {
                                                "run_training.setup": {
                                                    "total": 0.0,
                                                    "count": 0,
                                                    "is_parallel": true,
                                                    "self": 0.0,
                                                    "children": {
                                                        "steps_from_proto": {
                                                            "total": 0.0031767200002832396,
                                                            "count": 1,
                                                            "is_parallel": true,
                                                            "self": 0.0017349390004710585,
                                                            "children": {
                                                                "_process_rank_one_or_two_observation": {
                                                                    "total": 0.001441780999812181,
                                                                    "count": 2,
                                                                    "is_parallel": true,
                                                                    "self": 0.001441780999812181
                                                                }
                                                            }
                                                        },
                                                        "UnityEnvironment.step": {
                                                            "total": 0.059539195999605,
                                                            "count": 1,
                                                            "is_parallel": true,
                                                            "self": 0.0001817439997466863,
                                                            "children": {
                                                                "UnityEnvironment._generate_step_input": {
                                                                    "total": 0.00021505699987756088,
                                                                    "count": 1,
                                                                    "is_parallel": true,
                                                                    "self": 0.00021505699987756088
                                                                },
                                                                "communicator.exchange": {
                                                                    "total": 0.05855461100009052,
                                                                    "count": 1,
                                                                    "is_parallel": true,
                                                                    "self": 0.05855461100009052
                                                                },
                                                                "steps_from_proto": {
                                                                    "total": 0.0005877839998902346,
                                                                    "count": 1,
                                                                    "is_parallel": true,
                                                                    "self": 0.00037321300032999716,
                                                                    "children": {
                                                                        "_process_rank_one_or_two_observation": {
                                                                            "total": 0.0002145709995602374,
                                                                            "count": 2,
                                                                            "is_parallel": true,
                                                                            "self": 0.0002145709995602374
                                                                        }
                                                                    }
                                                                }
                                                            }
                                                        }
                                                    }
                                                },
                                                "UnityEnvironment.step": {
                                                    "total": 192.66727039101306,
                                                    "count": 6134,
                                                    "is_parallel": true,
                                                    "self": 0.9508599980190411,